text,callout,flag
"2024-05-25
*企微消息*
用户:老师，今天请假
LA:那我们什么时候补课呀
用户:过几天吧
LA:那咱们可以提前约好呢
LA:看大概哪天有时间",0,1
"2024-05-25
*企微消息*
LA:呦呦妈妈，今天的课又没上，近一个月8节课缺了有3节了，从4月到现在已经缺课有6节课了，而且都没有补课，明显能感受到孩子上课的习惯和效果是没有之前好的哈，而且在班上，课后的火花秘籍、小老师视频、专题自评、嘉年华的完成率也是班里最低的，希望妈妈能重视起来，您在火花学，我们有责任有义务提醒您和告知您~

时间不合适可以换，但是隔三差五缺课补课属实不建议哈
用户:最近孩子老生病
LA:[拥抱]这样呀，不好意思，我不知情，妈妈也辛苦啦
LA:希望宝贝快快好起来哦",0,1
"2024-05-25
*企微消息*
LA:再坚持一下，ἳ1播种和收获，本就在不同的季节ἳ3
今天周六，小懿宝贝要学习《有个小马虎》，2024-05-2518:20:00准时进入ἳ7

惊喜藏在努力里ὠe周末也别忘记巩固【火花秘籍】和【小老师视频】哦~
用户:[OK]
LA:[愉快]
用户:老师你好，小懿去补牙还没那么快，今天课请个假吧[抱拳][抱拳][抱拳]
用户:[抱拳][抱拳]
LA:[爱心][爱心]",0,0
"2024-05-25
*外呼消息*
用户:你好，胡老师。
LA:唉你好，华州妈妈，嗯今天请假了，呀。
用户:对对，晚上今天有没有比赛，我们运动的比赛，没没在家，就没赶上，啊上课，我明天抽空让他补一下课。
LA:好好嗯。
LA:嗯我我给您约，还是您自己约？
用户:嗯我自己约一下，我我自己不是也能看到你，那个啊
LA:对对对，您自己约一下那就
LA:嗯另外有个事跟您说一下。
LA:嗯L8的课程呢会在今年的7月啊初的时候结束，然后后续会开始L9的课程，上课时间还是保持不变是吗？
用户:噢好的。
用户:噢噢保持中电了。
LA:嗯行，好的，那我先给您记下来。
LA:另外一方面的话有有个事跟您说一下，
用户:唉要划动。
LA:这是孩子现在的这个值偏低，我分析了一下，是因为我们的那个专题测评基本上没怎么做了。
用户:是的是的，我我再督促一下他。
LA:行，那您辛苦。
用户:噢噢应该的应该的。
LA:好好好行。
LA:好好好，嗯拜拜。
用户:那麻烦您了，谢谢胡老师，啊
LA:好好不客气，好，拜拜！
用户:好，再见。
",1,1
"2024-05-25
*企微消息*
LA:宸仔妈妈，活动最后一天啦～很多犹豫观望的家长都给宝贝定下了活动优惠～
LA:现在的活动优惠力度真的非常大，我不知道该如何通知您呢。平时没有活动的时候，即使我们想多争取一些优惠来续课，我也申请不到。现在活动这么划算，如果我们不报名就要错过了。
LA:明天周日，宝贝要学习《八面披风与缠绕飞带（二）》，记得准时进入课堂ἳ7

再坚持一下，ἳ1播种和收获，本就在不同的季节ἳ3
这个周末怎么过？20:00前每个整点都可以参加【嘉年华复习课】

",0,0
"2024-05-25
*企微消息*
LA:mia今天要学习《半壁江山（基础）》，2024-05-2518:50:00辛苦您提醒宝贝准时进入✨

课后辛苦督促宝贝完成【火花秘籍】和【火花秘籍】授课老师会批改~
LA:又到了黄金周末啦，近期专题难度增加，周末是参加免费专题复习课的黄金时期。
ὄ7ὄ7ὄ7每天具体的场次有：
8：00、9：00、10:00、11:00、12：00、13：00、14：00、15:00、16：00、17:00、18：00、19:00、20:00。",0,0
"2024-05-25
*企微消息*
LA:7点嘉年华复习课可以参加哟，就在学生端右上角【嘉年华】就可以加入哟。8点也行
明天的所有整点时间也可以参加",0,0
"2024-05-25
*企微消息*
用户:我还有多少次请假机会？
LA:抱歉呀一一妈妈，我现在不在公司，妈妈可以在您的家长端看到呢
LA:或者我回公司了跟您说
*企微群聊消息*
用户:@悠游老师 老师老师，11今天请假。她还在医院排队看牙。赶不及回去上课
老师:好哒没事之后有时间补一补",0,0
"2024-05-25
*企微消息*
用户:妙妙今天请假
LA:好的，孩子这两天其他时间可以补课吗
LA:明天周日，宝贝要学习《八面披风与缠绕飞带（二）》，记得准时进入课堂ἳ7

再坚持一下，ἳ1播种和收获，本就在不同的季节ἳ3
这个周末怎么过？20:00前每个整点都可以参加【嘉年华复习课】",0,1
"2024-05-25
*企微消息*
用户:冯老师您好，请问你帮唐唐请假了吗？
LA:嗯嗯不会消耗课时的这个您放心哈
LA:上面给您留言的消息咱们看了吗
LA:您看补课的时间安排在什么时候呀",0,1
"2024-05-25
*企微消息*
LA:再坚持一下，ἳ1播种和收获，本就在不同的季节ἳ3
今天周六，元宝宝贝要学习《巧排妙布（上）》，2024-05-2517:25:00准时进入ἳ7

惊喜藏在努力里ὠe周末也别忘记巩固【火花秘籍】和【小老师视频】哦~
用户:老师我得给元宝请假。
用户:今天请假
LA:那明天能给宝贝补课吗？
用户:明天也有课老师
LA:搞忘记了[捂脸]
LA:那咱们什么时候有空再给宝贝补课吧
用户:好的好的。谢谢啦
LA:不客气~",0,1
"2024-05-25
*企微消息*
用户:今天外出，这次课我们回看可以吗？[害羞]
LA:可以哒，晚上的课程先帮宝贝请假哦~[爱心]
LA:图图妈妈，小朋友周末可以补课嘛？
LA:今天周六啦ὠa
⛳本周海报没有打卡的话，咱们今天可以参加一下哦，（若本周已经打卡，可忽略哈ὅ0)
打卡提醒ὄ6
LA:图图妈妈，小朋友本周还有以下作业未完成，周末咱们一定要记得及时完成哦~Ὁ5

未完成清单ᾟe：火花秘籍:
剪纸与火柴专题的火柴游戏（上）课次
小老师视频:
剪纸与火柴专题的火柴游戏（上）课次

LA:叮咚！

8:00都有嘉年华哦，可以去参加一下呢~
遗忘是常态，复习才是制胜秘籍~",0,1
"2024-05-25
*企微消息*
LA:今天周六，宝贝要学习《火柴游戏（下）》，记得准时进入课堂ἳ7

再坚持一下，ἳ1播种和收获，本就在不同的季节ἳ3
这个周末怎么过？20:00前每个整点都可以参加【嘉年华复习课】",0,0
"2024-05-25
*企微消息*
用户:老师，笑笑生病了，今天请假
LA:好的，放心休息哈，上课不用管了，希望宝贝快快好起来[拥抱][拥抱]
",0,0
"2024-05-25
*企微消息*
LA:乐宝妈妈十一点半的课程没上
LA:什么时候安排下补课班啊
用户:我晚上让他看录播
LA:有时间上直播课更好呀 这个D阶段的内容是非常重要的 还是建议直播
LA:又到了黄金周末啦，近期专题难度增加，周末是参加免费专题复习课的黄金时期。
ὄ7ὄ7ὄ7每天具体的场次有：
8：00、9：00、10:00、11:00、12：00、13：00、14：00、15:00、16：00、17:00、18：00、19:00、20:00。
LA:嗨喽宝贝✌昨天第25讲击双的实战应用已经结束了，本次课我们主要学习的是击双当中的具体技巧和使用策略，击双是我们小朋友后续对弈中非常有效的一种战术，通过击双我们能更快的取得棋盘上的优势，便于赢得一局对弈，所以课下火花秘籍是非常重要的✊一定要及时完成，不懂的问题及时在群内问老师哦[机智] 
",0,1
"2024-05-25
*企微消息*
LA:家长您好，关注到宝贝上节课没有上课，为避免影响下节课的课堂效果，您看什么时间方便补课，我帮宝贝安排一下～
LA:今天周六啦ὠa
⛳本周海报没有打卡的话，咱们今天可以参加一下哦，（若本周已经打卡，可忽略哈ὅ0)
打卡提醒ὄ61000火花币等待咱们获得
火花币及时使用，兑换课时更划算Ὥ2https://m.huohua.cn/user_center/coin_goods_detail?spuCode=SPU2101104207&page_from=%E5%95%86%E5%9F%8E%E9%A6%96%E9%A1%B5
LA:ὁd思维在不断运用中提升ὁd
Robbie今天要学习《没有尽头的奔跑（四）》，2024-05-2520:00:00记得准时进入课堂ᾘb

课后要坚持完成哦，火花秘籍&小老师视频要记得提交呢~ἱe",1,1
"2024-05-25
*企微消息*
LA:孩子最近有时间补课吗？[哇][哇][哇]
LA:小朋友最近有课程要补哦，为了不影响后续课程衔接，咱们可以尽快安排好哦

①可以在家长端预约哦：
家长端-我的课程-学习任务-缺课课程
②可以直接点击链接补课哦
https://m.huohua.cn/course_v2
LA:咱们7:00和8:00都有嘉年华哦，可以去参加一下呢~
遗忘是常态，复习才是制胜秘籍~

点击学生端右上角-【嘉年华】参加哦~
*企微群聊消息*
用户:老师俞昕辰今天又要请假了
用户:不是，今天临时出去了
LA:是这个档期不太合适嘛~
LA:嗯呐，明白啦
LA:宝宝这节课还有前1节课共2节课没有上课的，最近
LA:我们看什么时间方便~
LA:我来预约一下补课呢
",0,1
"2024-05-25
*企微消息*
LA:孩子最近有时间补课吗？[哇][哇][哇]
LA:小朋友最近有课程要补哦，为了不影响后续课程衔接，咱们可以尽快安排好哦

①可以在家长端预约哦：
家长端-我的课程-学习任务-缺课课程
②可以直接点击链接补课哦
https://m.huohua.cn/course_v2
LA:咱们7:00和8:00都有嘉年华哦，可以去参加一下呢~
遗忘是常态，复习才是制胜秘籍~

点击学生端右上角-【嘉年华】参加哦~
LA:小朋友明天有火花的课哦，梦梦宝贝要学习《巧排妙布（下）》，2024-05-2610:00:00准时进入课堂ὑ4

ἶd火花秘籍ἶd小老师视频ἶd及时验收学习结果，提升宝贝成就感
",0,1
"2024-05-25
*企微消息*
LA:您好，孩子账户里没有请假机会了，这个是请假补课的说明，咱们可以看一下哦
【请假补课】
1.有请假机会，缺课先消耗1次请假机会，补课再消耗课时，直播课补课消耗直播课课时，解锁自学课补课，消耗自学课课时。
2.无请假机会，缺课会先消耗1个课时（消耗了课时的课堂可以在学生端直接看课堂回放），插班补课在火花币充足的情况下，会消耗1000火花币；火花币不足或者参加补课班专列补课，会再消耗一个课时。解锁自学课补课，消耗自学课课时。（病假作特殊处理~）
3.希望您仔细查看，后面咱们尽量按时上课，平常可以做一下周任务分享攒一点火花币以备不时之需哦~Ὂa
请假机会查看路径：家长端-我的-请假机会
LA:小朋友最近有课程要补哦，为了不影响后续课程衔接，咱们可以尽快安排好哦

①可以在家长端预约哦：
家长端-我的课程-学习任务-缺课课程
②可以直接点击链接补课哦
https://m.huohua.cn/course_v2
LA:孩子最近有时间补课吗？[哇][哇][哇]
",0,1
"2024-05-25
*企微消息*
LA:今天周六，浩浩宝贝今要学习《节约小能手》，2024-05-2519:15:00准时进入ἳ7

这个周末怎么过？20:00前的整点别忘记整点进入【嘉年华复习课】
LA:浩浩妈妈，宝贝这个补差权益今天最后一天哦，咱们还考虑嘛[愉快]~
LA:浩浩妈妈，这个补差权益我给宝贝保留了一个订单，订单的有效期是7天，如果妈妈还考虑的话7天之内都可以参加的",1,1
"2024-05-25
*企微消息*
LA:萱萱今天要学习《节约小能手》，2024-05-2520:10:00辛苦您提醒宝贝准时进入✨

课后辛苦督促宝贝完成【火花秘籍】和【火花秘籍】授课老师会批改~
LA:又到了黄金周末啦，近期专题难度增加，周末是参加免费专题复习课的黄金时期。
ὄ7ὄ7ὄ7每天具体的场次有：
8：00、9：00、10:00、11:00、12：00、13：00、14：00、15:00、16：00、17:00、18：00、19:00、20:00。
用户:今天请假
LA:那什么时候上课呀
LA:我来给您安排一下呢
LA:萱萱小朋友本周还有一些课后作/业未完成哦，今天可以提醒宝贝完成一下哟~Ὁ5

作/业如下Ὅ1：ὄf
小老师视频:
《生活大爆炸》专题的有个小马虎课次

LA:明天一整天也没有时间吗
LA:这个D阶段的内容还挺重要的对校内外帮助很大还是建议补直播课

",0,1
"2024-05-25
*企微消息*
LA:Ὅd课后巩固资料来啦~～
以下是小朋友2024-05-24(昨天)在火花学习的课次分析空心零件的组成整理好的巩固资料
ἳc小黑板：https://hf-mix.sparkeducdn.com/huohua/se-hippo/assets/image/1650868441387/5abd8be3-60bd-4f6e-fe28-c2878759e73b.png
ἳb拓展包：https://hf-mix.sparkeducdn.com/huohua/se-hippo/assets/image/1650868380909/1ecd752e-382b-458d-ae84-98a192a2c84d.pdf
https://hf-mix.sparkeducdn.com/huohua/se-hippo/assets/image/1650868402171/6e37d38c-f611-4f23-d324-59b47fb73ec4.pdf
https://hf-mix.sparkeducdn.com/huohua/se-hippo/assets/image/1650868428946/22979a2e-2aca-40d3-ca5e-59019c7af7e9.pdf
ἳ7课后视频：

一定记得检查检查本周课程的火花秘籍和小老师视频都有没有完成提交哦，没有的话记得抽空巩固哦~
LA:今天周六，牛牛宝贝今要学习《分析排水前后的不同》，2024-05-2520:00:00准时进入ἳ7

这个周末怎么过？20:00前的整点别忘记整点进入【嘉年华复习课】
LA:又到了黄金周末啦，近期专题难度增加，周末是参加免费专题复习课的黄金时期。
ὄ7ὄ7ὄ7今晚场次有：20:00",0,0
"2024-05-25
*企微消息*
LA:Ὅd课后巩固资料来啦~～
以下是小朋友2024-05-24(昨天)在火花学习的课次没有尽头的奔跑（三）整理好的巩固资料
ἳc小黑板：https://hf-mix.sparkeducdn.com/huohua/se-hippo/assets/image/1649150168986/cbe87b59-ddc9-4bac-d416-c7fb4411ba12.jpg
ἳb拓展包：https://hf-mix.sparkeducdn.com/huohua/se-hippo/assets/image/1650624838353/a32d3ae8-805c-4e9e-ad66-a6e6c1129f41.pdf
https://hf-mix.sparkeducdn.com/huohua/se-hippo/assets/image/1650624852014/523f8ff2-b82d-4850-9a97-1b36c40c775f.pdf
https://hf-mix.sparkeducdn.com/huohua/se-hippo/1b0d3dcd-38fe-4976-9feb-82948524d8f2.pdf
ἳ7课后视频：https://hf-mix.sparkeducdn.com/huohua/se-hippo/assets/image/1649572275461/24887dc6-7c12-4f56-8afa-cbcc4d509ea9.mp4

一定记得检查检查本周课程的火花秘籍和小老师视频都有没有完成提交哦，没有的话记得抽空巩固哦~
LA:今天周六，彤彤宝贝今要学习《没有尽头的奔跑（四）》，2024-05-2518:50:00准时进入ἳ7

这个周末怎么过？20:00前的整点别忘记整点进入【嘉年华复习课】
LA:又到了黄金周末啦，近期专题难度增加，周末是参加免费专题复习课的黄金时期。
ὄ7ὄ7ὄ7今晚场次有：20:00",0,0
"2024-05-25
*企微消息*
用户:董航通今晚课程时间与其他课程冲突，上不了课，请假
LA:嗯嗯好的[拥抱]
",0,0
"2024-05-25
*企微消息*
LA:今天周六啦ὠa
⛳本周海报没有打卡的话，咱们今天可以参加一下哦，（若本周已经打卡，可忽略哈ὅ0)
打卡提醒ὄ61000火花币等待咱们获得
火花币及时使用，兑换课时更划算Ὥ2https://m.huohua.cn/user_center/coin_goods_detail?spuCode=SPU2101104207&page_from=%E5%95%86%E5%9F%8E%E9%A6%96%E9%A1%B5
LA:又到了黄金周末啦，近期专题难度增加，周末是参加免费专题复习课的黄金时期。
ὄ7ὄ7ὄ7每天具体的场次有：
8：00、9：00、10:00、11:00、12：00、13：00、14：00、15:00、16：00、17:00、18：00、19:00、20:00。
LA:ὁd思维在不断运用中提升ὁd
登登今天要学习《异形分割》，2024-05-2520:20:00记得准时进入课堂ᾘb

课后要坚持完成哦，火花秘籍&小老师视频要记得提交呢~ἱe
用户:老师我们今天请假
LA:是临时有事吗
用户:去看中医
LA:嗯嗯，好的呢
LA:那咱们看看小朋友明天有没有时间方便补课呀

",0,1
"2024-05-25
*企微消息*
LA:蓁蓁妈妈,宝贝今天是假期出门所以请假了不
LA:又到了黄金周末啦，近期专题难度增加，周末是参加免费专题复习课的黄金时期。
ὄ7ὄ7ὄ7每天具体的场次有：
8：00、9：00、10:00、11:00、12：00、13：00、14：00、15:00、16：00、17:00、18：00、19:00、20:00。
LA:宝妈好！ἱf近期Anna蓁蓁宝贝在“按图索骥”专题的学习表现有很多亮点呢！首先，非常棒的是宝贝四节课都没有请假，并且每次都准时上课，这种学习态度真的超级赞ὄd，这种良好的习惯对学习效果是非常有帮助的。

课堂上，宝贝的练习独立性和练习量都表现得非常好，比同级别的同学要优秀，这说明宝贝在理解和应用方面做得很不错！Ὄ8虽然整体正确率有待提高，但我相信只要宝贝再细心一些，【成绩】一定会更上一层楼！我们可以一起努力，看看是不是哪里没注意到，下次一定能做得更好。

专注力方面，动画专注力超过了【年级】平均，这很不容易！ἱf不过在例题和练习环节，专注力稍微有些下降。您可以尝试一下我提供的几个增强专注力的小技巧，比如设定故事时间和参与一些需要集中注意力的游戏或运动，这对提升专注力非常有帮助。

关于薄弱题目，大部分题目宝贝都掌握得很好，但在“综合图形计数”的部分需要加强一下。这一块主要是通过不同的方法来解决复杂图形计数问题，能够锻炼宝贝的分类思维和逻辑分析能力。我已经发了相关的资料和视频链接给您，希望能帮助宝贝巩固这部分知识。Ὅa

接下来的专题“追根溯源”也是关于数的本质，这和当前专题是相互关联的，希望宝贝能够继续保持积极的学习态度，认真对待每一节课哦！

总之，Anna蓁蓁宝贝在这个专题中的表现还是很不错的，继续保持并加油，相信宝贝能够做得更好！ἰ8

",1,1
"2024-05-25
*企微消息*
用户:今天的课要请假
LA:咱们没有请假机会咯哈弟弟妈妈
LA:您看啥时候方便补课咱们安排一下哦在消耗1000火花币就好咯[拥抱]",0,1
"2024-05-25
*企微消息*
用户:需要改一下时间
LA:是今天的时间吗？
LA:请假补课链接：https://www.huohua.cn/
用户:想改到周三
用户:今天我请假了
LA:请假补课链接：https://www.huohua.cn/
LA:那咱们记得先约一下补课哟
",0,1
"2024-05-25
*企微消息*
LA:收到～项项妈妈，我和中文老师先沟通一下～[拥抱][拥抱][拥抱]
用户:好的，谢谢
LA:没事呢～[爱心][爱心][爱心]
LA:今天周六啦ὠa
⛳本周海报没有打卡的话，咱们今天可以参加一下哦，（若本周已经打卡，可忽略哈ὅ0)
打卡提醒ὄ6
用户:刘老师，今天的课如何处理
用户:刘老师，项项生病了，今儿舞蹈考试也是参加不了了，火花的课程也没办法参加了。
LA:好哒，项项妈妈，今晚的课程已经先给宝贝请好假啦，咱们先好好休息哦~[拥抱]
LA:等宝贝好些了，可以给小朋友预约补课，给咱们返还消耗的请假机会哦~[爱心]
用户:好的，谢谢
LA:没事呢～[玫瑰][玫瑰]
LA:项项妈妈，小朋友本周还有以下作业未完成，周末咱们一定要记得及时完成哦~Ὁ5

未完成清单ᾟe：火花秘籍:
剪纸与火柴专题的火柴游戏（上）课次
小老师视频:
剪纸与火柴专题的火柴游戏（上）课次

LA:叮咚！

8:00都有嘉年华哦，可以去参加一下呢~
遗忘是常态，复习才是制胜秘籍~
LA:宝贝家人好呀～宝贝今天在火花思维有课要上哦，辛苦咱们提醒宝贝准时上课，有问题可以随时微信我哈~
用户:小荷老师好，项项生病了，本来今天有舞蹈考试也是参加不了了，火花的课程也没办法参加了。
LA:好滴~这边为您申请病假返还，我这边看了下，拼音班暂时没有直播补课的时间，后面我蹲一下，实在不行我们就互动自学课补课~
用户:好的，谢谢
LA:宝贝家长您好~小荷老师来提醒您记得做本周的周打卡任务哟~（已做完可忽略）",0,1
"2024-05-25
*企微消息*
用户:老师目前的班级还有其他时间吗？进度可以慢一些
用户:想给希希停一个月
LA:希希妈妈，稍后1点到公司我莱帮宝贝查一查哦～[拥抱][拥抱][拥抱]
LA:希希妈妈，目前咱们是在火花的2列班级学习哦，同进度的班级可以帮宝贝延期一周的时间哦~
LA:另外咱们账户里现存有休学机会，休学机会可以每次休30天或者8节课，先到先止哦~[玫瑰]
用户:又一个月以后的班级没
用户:最近孩子学习时间有些紧张
LA:暂时没有一个月以后的班级捏
用户:那大概有多久以后的
LA:最晚是一周以后的时间哦~
LA:希希妈妈，小朋友周末可以补课嘛？
LA:今天周六啦ὠa
⛳本周海报没有打卡的话，咱们今天可以参加一下哦，（若本周已经打卡，可忽略哈ὅ0)
打卡提醒ὄ6
LA:希希妈妈，小朋友本周还有以下作业未完成，周末咱们一定要记得及时完成哦~Ὁ5

未完成清单ᾟe：火花秘籍:
定义新规专题的照猫画虎（一）、照猫画虎（二）课次
小老师视频:
定义新规专题的照猫画虎（一）、照猫画虎（二）课次

LA:叮咚！

8:00都有嘉年华哦，可以去参加一下呢~
遗忘是常态，复习才是制胜秘籍~
LA:小朋友明天火花有课哦~
ἳb希希明天上课的课次是《照猫画虎（四）》，上课时间是2024-05-2611:00:00~

做完火花秘籍+小老师视频也记得发我上传哟，星星宝箱等你开启✨✨
*企微群聊消息*
",0,1
"2024-05-25
*企微消息*
LA:孩子最近有时间补课吗？[哇][哇][哇]
LA:小朋友最近有课程要补哦，为了不影响后续课程衔接，咱们可以尽快安排好哦

①可以在家长端预约哦：
家长端-我的课程-学习任务-缺课课程
②可以直接点击链接补课哦
https://m.huohua.cn/course_v2
LA:咱们7:00和8:00都有嘉年华哦，可以去参加一下呢~
遗忘是常态，复习才是制胜秘籍~

点击学生端右上角-【嘉年华】参加哦~
LA:小朋友明天有火花的课哦，思一宝贝要学习《巧妙的转化进阶》，2024-05-2611:00:00准时进入课堂ὑ4

ἶd火花秘籍ἶd小老师视频ἶd及时验收学习结果，提升宝贝成就感
",0,1
"2024-05-25
*企微消息*
LA:明天周日，宝贝要学习《半壁江山（基础）》，记得准时进入课堂ἳ7

再坚持一下，ἳ1播种和收获，本就在不同的季节ἳ3
这个周末怎么过？20:00前每个整点都可以参加【嘉年华复习课】
",0,0
"2024-05-25
*企微消息*
LA:7点嘉年华复习课可以参加哟，就在学生端右上角【嘉年华】就可以加入哟。8点也行
明天的所有整点时间也可以参加",0,0
"2024-05-25
*企微消息*
用户:潘老师，今天小太阳感冒咳嗽了，我们现在带他去医院看看，上课时间赶不及了
LA:好的，放心去医院哈，上课不用管了，希望宝贝快快好起来[拥抱][拥抱]
*企微群聊消息*
用户:@吴哈哈老师 哈哈老师，我家小太阳昨天感冒咳嗽了，今天得请假一天
",0,0
"2024-05-25
*企微消息*
LA:Cindy妈妈，最后一天啦～很多犹豫观望的家长都给宝贝定下了活动优惠～不管咱们怎么想的，希望您能直接回复我哦～老师后续就不打扰您啦～不管怎么说；还是希望宝贝在火花能有一个更好的学习体验的呢～
LA:又到了黄金周末啦，近期专题难度增加，周末是参加免费专题复习课的黄金时期。
ὄ7ὄ7ὄ7每天具体的场次有：
8：00、9：00、10:00、11:00、12：00、13：00、14：00、15:00、16：00、17:00、18：00、19:00、20:00。
LA:这是一条引用/回复消息：
""火花思维廖老师：
Cindy妈妈，最后一天啦～很多犹豫观望的家长都给宝贝定下了活动优惠～不管咱们怎么想的，希望您能直接回复我哦～老师后续就不打扰您啦～不管怎么说；还是希望宝贝在火花能有一个更好的学习体验的呢～""
------
【618预售】活动今天倒计时，限时优惠，最后一天就结束了ἳ9       
ὊfὊf【价格减免】+【直播课时直送】+【实物礼品】+【199轻课】+【百分百中奖机会】+【价值499口语精灵6个月VIP权益】
活动截止前，随时和老师发消息哦
LA:宝妈，宝贝在火花的课程暂停在5月，最近咱们还有思考思维课或者数学课坚持学习吗？
掏心窝子说，其实哪有人真的不要脸不要皮一次一次说服您呢。但是我真的除了公司的要求外，觉得xx宝贝在火花学得不错，我对我们的课程内容也是真的实打实的很自信，我同事的孩子，自己的孩子以后都愿意让孩子学火花。我们以前小时候没有这种真的锻炼到孩子思维能力的课程，学数学/物理这种理科都走了很多弯路，现在您教育理念很好，又有能力能够帮助宝贝做培养，这真的是比买什么衣服，吃什么东西都能给孩子最珍贵的东西，衣服大了就穿不了了，玩具过两周可能就会忘记。但是思维能力真的是潜移默化帮助孩子的，哪怕是最近都能感受到孩子在思考问题时的条理性和逻辑严谨~

火花的思维课程内容真的挺好的，我带了这么多孩子，包括毕业了的学员，很多真的在校内或者竞赛里都有很多优秀的成绩，咱们坚持一定能够给孩子带来意想不到的惊喜的！

今天618活动就要结束了，咱们如果有88VIP的话，咱们还是趁着活动给孩子继续安排吧！学海无涯，咱们坚持学习一定有收获！
",0,0
"2024-05-25
*企微消息*
LA:今天周六，宝贝要学习《分析排水前后的不同》，记得准时进入课堂ἳ7

再坚持一下，ἳ1播种和收获，本就在不同的季节ἳ3
这个周末怎么过？20:00前每个整点都可以参加【嘉年华复习课】
LA:宝贝家长，我们逻辑思维的请假机会目前已经消耗完毕，如果再请假或者缺课，系统这边会消耗课时，为了养成宝贝良好的参课好习惯，我们记得提醒宝贝按时上课哦~如果因为特殊情况导致无法参课，您也记得提前联系我~
用户:老师，嘉奕身体不舒服，今天请假
LA:好的，先好好休息
LA:今天咱们学的是“倒水问题”和“水中浸物问题”，这部分内容孩子们在学校也会遇到，还是非常重要的，后面等家奕舒服些了记得补一节课哦～
*企微群聊消息*
老师:@高璐家奕妈妈，家奕怎么没来上课呀？
",0,1
"2024-05-25
*外呼消息*
LA:唉你好，可爱妈妈，火花的胡老师。
LA:嗯看到今天的课还是请假了，对吧？
LA:嗯今天现在是7月15这个是有事耽误了吗？
用户:嗯还是有点不舒服！
LA:倒有点不舒服。
LA:明天方便安排一些补课吗？
用户:嗯因为我看他情况，吧他好点了，我会给他上一些。
LA:您知道怎么约是吧？
用户:噢我知道。
LA:行行行，那宝贝先好好休息，等状态好一点，我们再安排补课。
LA:嗯行行行好好好打扰了。",1,1
"2024-05-25
*企微消息*
LA:咱们7:00和8:00都有嘉年华哦，可以去参加一下呢~
遗忘是常态，复习才是制胜秘籍~

点击学生端右上角-【嘉年华】参加哦~",0,0
"2024-05-25
*企微消息*
LA:咱们7:00和8:00都有嘉年华哦，可以去参加一下呢~
遗忘是常态，复习才是制胜秘籍~",0,0
"2024-05-25
*企微消息*
用户:我们停课了哦那天和你说
用户:今天不上课
LA:[捂脸][捂脸][捂脸][捂脸]再跟您商量的呀
LA:咱们也只有几节课了上完吧或者我给孩子换一个上课时间吧
LA:您看可以吗
LA:我今天家里爷爷身体不太好，回家在，您说时间了我晚上给孩子换一个时间您看可以吗
LA:这是一条引用/回复消息：
“曹瑕：
我们停课了哦那天和你说”
------
宝妈10点的了课您9点59跟我说可能真的有点来不及[皱眉][皱眉][皱眉][皱眉][皱眉]
*企微群聊消息*
老师:《照猫画虎(四)》这节课通过给出的已知新运算算式,寻找规律,从多种运算角度入手去观察和寻找运算法则,培养孩子对多个算式的对比能力,观察能力，增强孩子对四则运算的理解和应用。
[拳头]难点：遇到复杂的法则不知道怎么处理
在解决这个问题之前,家长需要明确一件事,在三年级的阶段,新运算法则本身是不会涉及到太复杂的运算法则,所以复杂运算法则的背后其实是需要寻找规律简化法则。孩子在做题的时,先理解复杂法则每一组数之间的规律。或从求未知算式入手,将算式代入法则中,变成已知算式后再寻找规律。",0,0
"2024-05-25
*企微消息*
LA:小燕子小朋友明天要学习《巧妙的转化进阶》，开课时间:2024-05-2609:00:00，准时参课哦！

课后坚持完成，ὁd火花秘籍&小老师视频，思维在不断运用中提升ὁd
",0,0
"2024-05-25
*企微消息*
LA:὎3插播一条小通知：今天是【满减400】最后一天啦！

您可以趁着活动划算给宝贝把课程备足，教务会给孩子预留新学年班位，后面就可以稳定学习进步啦~Ἱ3
LA:【中文素养】温馨提醒ἳ7

1.本周【周打卡任务】明晚结束，在火花思维家长端--我的--任务中心--中文素养，查看是否完成✔

2.本周完课后，记得督促一下宝贝及时完成【课后任务】
ὄ9检查孩子学习任务完成情况的方式：
火花思维家长端-我的课程页面-学习任务-中文素养
【火花秘籍】【小老师视频】【专题自评】这些都是需要小朋友坚持完成的~
LA:家长您好呀～宝贝今天在火花有课要上哦，上课的课次是【文常】希腊神话——英雄溯源（下），辛苦咱们提醒宝贝准时上课，有问题可以随时微信我哈~
LA:Ὀc再给您说下中文课包直减400=5180，这个优惠链接今晚会下架
我们继续学的话，本学年加上下学年【还需要120节课左右】
ὄ9Ἷb【淘宝88vip券减400】5180元下单链接：https://m.tb.cn/h.g2lekZLRiSyLoX7?tk=WWpHWFAbLGd

家人哇~不会有比减400更优惠的，给小朋友加上吧❤ 
LA:娜娜老师今日中文素养分享ἳ8

【赵括空谈兵】赵括是战国时期赵国名将赵奢之子，他从小就学习兵法，谈及军事。他曾与父亲赵奢谈论军事，赵奢挑不出他的毛病，但也不曾夸赞他。赵括的母亲问赵奢其中缘故，赵奢说：“战争是关乎生死存亡的大事，赵括却把它说得很简单。赵国不用赵括为将还好，如果用他为将，必使赵军遭受危难。公元前260年，秦国与赵国在长平激战，四十五万赵军在坚持了三个月后全军覆没，赵括本人也在战乱之中被乱箭射死。后世以此故事作为历史典故，总结出“纸上谈兵”这个成语。

赵括空谈兵
",0,0
"2024-05-25
*企微消息*
LA:又到了黄金周末啦，近期专题难度增加，周末是参加免费专题复习课的黄金时期。
ὄ7ὄ7ὄ7每天具体的场次有：
8：00、9：00、10:00、11:00、12：00、13：00、14：00、15:00、16：00、17:00、18：00、19:00、20:00。",0,0
"2024-05-25
*企微消息*
LA:又到了黄金周末啦，近期专题难度增加，周末是参加免费专题复习课的黄金时期。
ὄ7ὄ7ὄ7每天具体的场次有：
8：00、9：00、10:00、11:00、12：00、13：00、14：00、15:00、16：00、17:00、18：00、19:00、20:00。
用户:妹妹好，团团这两天感冒了，刚说没力气上课，今天得请个假[抱拳]
用户:在吗妹妹
LA:嗷嗷好的哦团团妈妈
LA:那宝贝先好好休息哈
LA:看宝贝啥时候舒服一点了咱们安排一下补课哦
用户:谢谢妹妹
LA:应该哒妈妈别客气哈
LA:刚刚在吃饭才看到咱们消息哟[拥抱]
用户:[拥抱][拥抱]
",0,1
"2024-05-25
*企微消息*
LA:恺恺妈妈~
LA:宝贝今天没有来上课是不是忘记啦",0,0
"2024-05-25
*企微消息*
用户:你好，晚上小羿请个假[抱拳][抱拳]
LA:明天有5个补课时间，明天方便补课吗
LA:小羿爸爸，是这样子的，我们是固定班级，如果我们原本定的时间上不了课，属于请假，会扣一次请假次数的。
如果不补课，就不会再消耗直播课时，如果安排直播补课，就会扣一节直播课时，用互动自学课补课就扣互动自学课课时。
1、有请假次数的时候：请假扣一次请假次数，直播补课扣直播课时，互动自学课补课扣互动自学课课时，不补课不扣课时。
2、无请假次数：请假扣一节直播课时，插班直播补课扣1000火花币（插班补课需要及时补课），补课班专列扣1节直播课时，互动自学课补课扣互动自学课课时。
*企微群聊消息*
*外呼消息*
LA:唉喂小一爸爸，火花思维廖老师，这会方便吗？
用户:啊你说。
LA:是跟咱们介绍一下那个宝宝的课后练习的一个完成，然后对。
用户:噢要不晚一点晚一点，我给你回个电话。
LA:好，可以，好，那到时候您回我，啊嗯好，拜拜。
用户:好，谢谢，啊嗯嗯谢谢，唉那个你后面可以打我另外一个号码。
LA:另外一个号码是7888那个号码吗？
用户:啊你对，1327698783个八，对，那个号码，我会可能会就比较了一些，好，谢谢！
LA:好好好，嗯拜拜！
用户:谢谢，嗯拜拜！",1,1
"2024-05-25
*企微消息*
LA:再坚持一下，ἳ1播种和收获，本就在不同的季节ἳ3
今天周六，一一宝贝要学习《八面披风与缠绕飞带（二）》，2024-05-2520:10:00准时进入ἳ7

惊喜藏在努力里ὠe周末也别忘记巩固【火花秘籍】和【小老师视频】哦~
用户:老师，谈喆益今天的课临时请个假哈，发烧了
LA:好的，那让宝贝先好好休息[拥抱][拥抱]
用户:好哒谢谢
LA:客气啦，希望宝贝早点好起来哦~[爱心]",0,0
"2024-05-25
*企微消息*
用户:尚老师，今天孩子发烧了，请一次假
LA:嗷嗷好的呀
LA:宝贝先好好休息哦
用户:谢谢您，一直忙着照顾孩子，都忘记要请假的事了
LA:[拥抱]没事没事我来帮妈妈请假哈
LA:舒服一点了咱们在补课就可以了哟
*企微群聊消息*",0,1
"2024-05-25
*企微消息*
LA:俊俊妈妈，宝贝好些了嘛
LA:今天周六，俊俊宝贝今要学习《逻辑排序进阶》，2024-05-2519:30:00准时进入ἳ7

这个周末怎么过？20:00前的整点别忘记整点进入【嘉年华复习课】
用户:还是要请假[捂脸]
LA:是没恢复好嘛
LA:还是有其它事情冲突了呀
LA:俊俊妈妈，要是时间不合适的话，要不我们再换时间？
LA:俊俊复课之后上了1节，接着请假了3节课，这个频次孩子吸收也不好呀
用户:实在没办法[捂脸]
LA:是最近时间都安排的太满了嘛
用户:刚吃上饭
LA:好滴好滴，让宝贝安心吃饭",0,0
